1,bfiorentino0,Brett,Fiorentino,bfiorentino0@ted.com,hduvkV2XvoPg,0
2,cattack1,Cleon,Attack,cattack1@nhs.uk,NZOUJeUSSXpe,0
3,eposthill2,Ellery,Posthill,eposthill2@last.fm,bPUPMD,0
4,tthirlaway3,Torre,Thirlaway,tthirlaway3@furl.net,Z0b4HV,0
5,gtorel4,Grange,Torel,gtorel4@dmoz.org,Xfr6QHOTP2v,2
6,gtease5,Gusty,Tease,gtease5@arizona.edu,nhtIinbK0f,2
7,foguz6,Flossi,Oguz,foguz6@pcworld.com,yAzxYV,2
8,akilbourn7,Ahmad,Kilbourn,akilbourn7@msu.edu,z0jztlRbwIjI,3
9,kdruitt8,Karyl,Druitt,kdruitt8@cnet.com,39djRJ,3
10,rmatcham9,Ramsey,Matcham,rmatcham9@privacy.gov.au,0MfiGD8NsLQ,3
11,rwixeya,Roxine,Wixey,rwixeya@kickstarter.com,By1nDWfw,4
12,evanlintb,Emerson,Vanlint,evanlintb@simplemachines.org,ZdMzyiDz5Txq,4
13,dmegaheyc,Daphne,Megahey,dmegaheyc@cnet.com,dxoqTLkvgsi,4